actor,movies
Sean Connery,"[[Dr. No,1962],[From Russia with Love,1963],[Goldfinger,1964],[Thunderball,1965],[You Only Live Twice,1967],[Diamonds Are Forever,1971],[Never Say Never Again,1983]]"
Roger Moore,"[[Live and Let Die,1973],[The Man with the Golden Gun,1974],[The Spy Who Loved Me,1977],[Moonraker,1979],[For Your Eyes Only,1981],[Octopussy,1983],[A View to a Kill,1985]]"
Pierce Brosnan,"[[GoldenEye,1995],[Tomorrow Never Dies,1997],[The World Is Not Enough,1999],[Die Another Day,2002]]"
Daniel Craig,"[[Casino Royale,2006],[Quantum of Solace,2008],[Skyfall,2012],[Spectre,I) (2015]]"
Judi Dench,"[[Casino Royale,2006],[Quantum of Solace,2008],[Skyfall,2012]]"
Ursula Andress,"[[Dr. No,1962],[Casino Royale,1967]]"
Maud Adams,"[[The Man with the Golden Gun,1974],[Octopussy,1983]]"
Richard Kiel,"[[The Spy Who Loved Me,1977],[Moonraker,1979]]"
Timothy Dalton,"[[The Living Daylights,1987],[Licence to Kill,1989]]"
Léa Seydoux,"[[Spectre,I) (2015],[Bond 25,2020]]"